u_id,address
CUST00000,"937 Garrison Grove Suite 364, Gilmorefort, MH 15838"
CUST00001,"64585 James Burgs Apt. 617, Gordonview, IL 51546"
CUST00002,"239 Trevor Trail, South Amber, GA 21039"
CUST00003,"70153 Melinda Prairie Suite 325, Port Melinda, LA 24620"
CUST00004,"0454 Patricia Brooks, Fernandezberg, VT 70502"
CUST00005,"Unit 0367 Box 8120, DPO AA 03144"
CUST00006,"PSC 4046, Box 0028, APO AP 25628"
CUST00007,"671 Neal Crossing Apt. 747, North Juanburgh, RI 07849"
CUST00008,"791 Lee Parkway, Lake Brooke, PA 01478"
CUST00009,"USS Gallagher, FPO AA 83851"
CUST00010,"6172 Lopez Burg, Port Dylan, MO 65224"
CUST00011,"62048 Miller Trail, Port Elizabethfurt, AK 51192"
CUST00012,"10095 John Pines, North Karen, WY 14631"
CUST00013,"89205 Linda Centers, West Nicholasport, CO 01486"
CUST00014,"755 Oconnell Skyway Apt. 670, New Joshua, CT 29673"
CUST00015,"15684 Henry Fields Apt. 816, Stevenberg, ME 88542"
CUST00016,"0406 Grant Village Suite 103, Lake Jade, TN 80455"
CUST00017,"7738 Schmidt Village Apt. 823, East Cindystad, KS 49752"
CUST00018,"82523 Amy Ferry, Lake Scott, MA 14181"
CUST00019,"45274 Sheri Street Apt. 434, New Coltonview, NH 04292"
CUST00020,"090 Sims Rapid Apt. 839, Port Patricia, LA 01911"
CUST00021,"6262 Michael Loaf Apt. 639, Jamesbury, HI 17418"
CUST00022,"021 Jill Tunnel, Tammyfurt, IL 24695"
CUST00023,"86888 Mary Pines Suite 992, New Elizabeth, PR 17252"
CUST00024,"PSC 7914, Box 2193, APO AP 53378"
CUST00025,"05077 James Harbor, North Julieton, OR 74544"
CUST00026,"92084 Kirsten Forest Apt. 184, Lamchester, WY 63850"
CUST00027,"078 Martha Mission Suite 566, North Meganberg, KY 53674"
CUST00028,"538 Gonzalez Squares Suite 387, Lake Garrettberg, NV 22991"
CUST00029,"7801 Kent Gardens Suite 286, Mendozachester, DE 35374"
CUST00030,"625 Gregory Highway, Alexandratown, IA 15155"
CUST00031,"43063 Christopher Via Suite 079, Deckerton, MS 70317"
CUST00032,"96128 Kyle Club Suite 676, Russellstad, AS 97338"
CUST00033,"555 Nelson Expressway, East Caleb, NE 11482"
CUST00034,"530 Duran Rest, Valdezhaven, MO 59613"
CUST00035,"45812 Sean Summit, New Ashleehaven, NC 55830"
CUST00036,"345 Parrish Orchard, Hernandezport, GU 64650"
CUST00037,"486 Robinson Streets, Morganberg, NY 07375"
CUST00038,"58921 Bryce Union, Phillipsmouth, ME 47701"
CUST00039,"4365 Erika Falls Suite 819, Perezhaven, DC 95060"
CUST00040,"09704 Amanda Union, Daniellefurt, SC 53495"
CUST00041,"927 Katherine Fields, Lake Joseph, GU 45569"
CUST00042,"325 Emily Island Apt. 454, Shannonstad, VA 83051"
CUST00043,"6485 Wiggins Roads, Danielleton, VI 34844"
CUST00044,"4848 Kathleen Center Apt. 353, Lake Kathrynton, ID 64151"
CUST00045,"2299 Haley Ridge, New Jasmineport, ME 97109"
CUST00046,"49796 Nicole Stravenue, West Shawnhaven, MD 27781"
CUST00047,"618 Jeremy Circle, Josephfort, FL 69097"
CUST00048,"231 Fowler Lodge, Dayshire, NY 39259"
CUST00049,"3672 Kelly Roads, Brandonbury, IA 56267"
CUST00050,"2103 Nathaniel Grove Apt. 460, Thomaston, LA 21933"
CUST00051,"431 Christopher Manors Apt. 301, Port Jennifer, AZ 98011"
CUST00052,"PSC 0198, Box 9574, APO AP 31140"
CUST00053,"Unit 2539 Box 1419, DPO AE 89900"
CUST00054,"86435 Robert Spurs, Danielstad, IL 85086"
CUST00055,"402 Cortez Lodge Suite 730, Mackenzieshire, MA 15867"
CUST00056,"015 Webb Island, Hodgeport, MH 13056"
CUST00057,"692 Cindy Mill Apt. 433, West Michael, GU 07556"
CUST00058,"3477 Anthony Streets, Brianville, DC 73935"
CUST00059,"134 Bell Islands, North Crystal, OK 72491"
CUST00060,"55790 Huynh Expressway Apt. 888, West Daniel, MS 68524"
CUST00061,"77598 Matthew Dale, Rosestad, AL 19390"
CUST00062,"2303 Mallory Terrace Suite 885, Evanfort, KS 10993"
CUST00063,"PSC 2758, Box 0198, APO AP 53086"
CUST00064,"5382 Lisa Shoals Suite 046, Port Cody, NJ 16148"
CUST00065,"Unit 5985 Box 0559, DPO AE 37530"
CUST00066,"090 Kelly Manor Suite 993, Jenkinsmouth, NJ 66353"
CUST00067,"2433 Harris Underpass, Danielside, PR 60086"
CUST00068,"978 Lopez Fords Apt. 408, New Jamesburgh, IA 96807"
CUST00069,"56106 Matthew Turnpike, North Danielleland, NE 57318"
CUST00070,"29065 Jorge Haven, Shieldsshire, DC 61788"
CUST00071,"7891 Randall Pines Suite 661, West Lori, KY 38312"
CUST00072,"3100 Darius Isle Suite 891, South William, TN 52536"
CUST00073,"5388 Nicole Mill, Hansenborough, NM 00689"
CUST00074,"3590 Brown Route, Richardburgh, MN 90511"
CUST00075,"5723 Green Crossroad, Arianafort, MA 62175"
CUST00076,"81781 Hamilton Knoll, East Curtis, HI 47504"
CUST00077,"51741 Sean Plaza Suite 424, Larryport, GA 35525"
CUST00078,"783 Ryan Junctions Apt. 568, Carrhaven, KY 66260"
CUST00079,"8864 Waters Spring, Brendatown, FL 31673"
CUST00080,"035 Steven Lights, North Morgan, KS 40616"
CUST00081,"959 Kelsey Ferry Apt. 282, West Gabriellehaven, CT 26335"
CUST00082,"0731 Martha Turnpike, Castroland, AZ 30384"
CUST00083,"266 Stewart Field, New Stephen, TX 18659"
CUST00084,"5449 Wagner Plain Apt. 568, Aaronport, RI 79338"
CUST00085,"358 Richard Terrace Apt. 657, Penaland, OK 42625"
CUST00086,"6939 Mario Courts Apt. 050, East Jerryland, AL 72295"
CUST00087,"89784 Eileen Alley, South Shellyborough, GU 12478"
CUST00088,"85063 Megan Harbors, Hillville, AK 49565"
CUST00089,"770 Tiffany Course, West Sarahbury, MA 11293"
CUST00090,"584 Carroll Ville, Katherineborough, WV 75927"
CUST00091,"744 Zavala Mews Apt. 753, New Jimmy, MI 55779"
CUST00092,"0302 Clements Wall Apt. 865, North Joseph, GA 64009"
CUST00093,"01693 Phyllis Ramp, North Carolyn, AZ 79314"
CUST00094,"61102 Chad Lane Suite 684, Jamesbury, MT 14856"
CUST00095,"49322 Valdez Coves Suite 034, Brownchester, AZ 58004"
CUST00096,"6566 Lee Crescent Suite 481, Joditown, IN 68058"
CUST00097,"0959 Cook Forge, Port Michaelburgh, MA 44967"
CUST00098,"765 Joseph Wall Apt. 659, West Lisa, AR 70685"
CUST00099,"16970 Gonzales Square, Goodwinstad, SC 05725"
CUST00100,"0872 Jose Estate Suite 145, Lake Kevinchester, GU 70223"
CUST00101,"PSC 3988, Box 1905, APO AP 61959"
CUST00102,"69641 Johnson Lodge Apt. 911, West Royside, IL 94679"
CUST00103,"6999 Vicki Pines Suite 950, Jenniferland, MA 51217"
CUST00104,"134 Michelle Coves Apt. 693, Port William, NE 78419"
CUST00105,"702 Moran Station, Matthewfort, OR 17798"
CUST00106,"0899 Graham Corners Suite 680, East Suzanne, UT 68672"
CUST00107,"7324 Morrison Isle, Lake Michelleton, VA 99629"
CUST00108,"281 Kennedy Drives, Tinatown, HI 88354"
CUST00109,"7509 Travis Shore Apt. 494, North Jill, WY 73430"
CUST00110,"146 Abigail Via Suite 384, West Brookeport, WA 24006"
CUST00111,"520 Harris View Apt. 516, North Lisaland, UT 83626"
CUST00112,"289 Raymond Knoll Apt. 826, New Heidi, LA 87253"
CUST00113,"601 Benjamin Viaduct, Heatherfort, NE 97344"
CUST00114,"68957 Matthew Forges Apt. 561, East Melissachester, CO 01713"
CUST00115,"6287 Meyer Road, Morganborough, NH 58791"
CUST00116,"587 Dennis Springs, North Michaelburgh, HI 41753"
CUST00117,"392 Abigail Flat Apt. 266, North Rachel, AS 10443"
CUST00118,"9522 Garcia Ports, South Patrick, MS 01578"
CUST00119,"PSC 8707, Box 7725, APO AE 12756"
CUST00120,"2729 Watson Alley, South Nathan, IN 29923"
CUST00121,"USCGC Nguyen, FPO AA 85646"
CUST00122,"9437 Jones Rue Apt. 997, Rogersview, MP 29234"
CUST00123,"34323 Walker Crossroad, Lopeztown, NY 17491"
CUST00124,"7457 Spencer Rapids, West Heather, HI 68041"
CUST00125,"231 Stephen Spring Apt. 189, Ericksonside, WA 33277"
CUST00126,"206 Frederick Trafficway Apt. 237, Perezmouth, OR 61389"
CUST00127,"13890 Daniel Highway, Jonathanborough, IN 04244"
CUST00128,"PSC 9695, Box 3259, APO AP 30471"
CUST00129,"5227 Laura Haven Apt. 514, Lake Bradleytown, NM 72037"
CUST00130,"66996 Baker Circles, Port Pamelafort, WV 98700"
CUST00131,"4474 Anthony Roads, Wileyberg, CO 54658"
CUST00132,"1712 Terrell Prairie Apt. 257, North Sarah, AS 13459"
CUST00133,"99466 Lucas Cliffs Suite 550, Crosston, MS 95017"
CUST00134,"11100 Moore Ferry Apt. 358, Bowersbury, MT 28057"
CUST00135,"318 Chad Tunnel Suite 101, East Alexisburgh, AL 60541"
CUST00136,"7807 Wesley Road, New Jermaine, WA 06267"
CUST00137,"75715 Julie Mill, Schroederhaven, ND 36841"
CUST00138,"43327 Smith Walk, Evansfurt, IA 59644"
CUST00139,"8012 Keith Pines Apt. 989, Port Janice, MA 11968"
CUST00140,"55966 Stanley Gardens, Brianside, GA 49045"
CUST00141,"59073 Christina Park, Lake Beth, DC 98389"
CUST00142,"PSC 4661, Box 8248, APO AA 71423"
CUST00143,"87971 Heidi Alley, South Pamelafort, HI 81634"
CUST00144,"759 Clark Route, South Nicole, MN 99848"
CUST00145,"50436 Smith Creek, Muellerberg, WY 32542"
CUST00146,"166 Robert Key, Phillipshaven, MN 92501"
CUST00147,"80394 Tiffany Well Apt. 918, Jenkinsborough, ME 06678"
CUST00148,"3020 Velez Place, East Zacharyside, AS 11646"
CUST00149,"42015 Michael Island Suite 554, West Michaelbury, KY 49873"
CUST00150,"6356 Allen Pass Suite 760, Arianaville, WI 39519"
CUST00151,"77036 David Spur, Lake Lori, CA 98548"
CUST00152,"148 Tracy Lakes Suite 640, Mariamouth, RI 87102"
CUST00153,"7141 Adkins Highway Apt. 122, Leeborough, GA 55947"
CUST00154,"68076 Jennifer Shore, Aaronberg, IA 52037"
CUST00155,"Unit 5032 Box 4563, DPO AA 72833"
CUST00156,"794 Lisa Canyon, Christianview, ME 49969"
CUST00157,"974 Terry Alley, Sabrinafurt, GA 97485"
CUST00158,"PSC 3662, Box 5664, APO AE 03539"
CUST00159,"068 Susan Tunnel Suite 591, Schmitttown, LA 84891"
CUST00160,"5082 Hammond Summit Apt. 201, Timothyside, ND 88967"
CUST00161,"683 Jonathan Centers Suite 420, Fisherfurt, GA 02058"
CUST00162,"130 Jack Junctions Suite 748, Angelaview, NY 97846"
CUST00163,"2292 Robert Square Suite 954, Maloneberg, ND 37732"
CUST00164,"7380 Lucas Track Apt. 440, New Bradley, WA 02987"
CUST00165,"375 Davies Fort Apt. 114, Williamsstad, GA 70581"
CUST00166,"PSC 4662, Box 0507, APO AP 58069"
CUST00167,"394 Martinez Glen, Port Rebeccafurt, GA 25850"
CUST00168,"80373 Olson Street Suite 972, Cameronview, ND 39045"
CUST00169,"345 Cross Underpass Suite 094, New Nicholas, KS 29767"
CUST00170,"PSC 1047, Box 4658, APO AP 58522"
CUST00171,"USNS Martinez, FPO AA 29390"
CUST00172,"814 Brian Divide, Garyhaven, MN 47136"
CUST00173,"09171 Miller Burgs, Robertsview, MP 85506"
CUST00174,"157 Salas Prairie Suite 746, Port Eddieberg, MT 52098"
CUST00175,"24842 Gibson Club, Brianborough, LA 97229"
CUST00176,"9546 Brooks Knolls Suite 651, Port Tylerfurt, CA 55988"
CUST00177,"Unit 6983 Box 1800, DPO AA 11710"
CUST00178,"Unit 3803 Box 9102, DPO AE 76310"
CUST00179,"PSC 4541, Box 6984, APO AP 35235"
CUST00180,"44704 Samantha Island Suite 271, New Donaldfurt, MS 69307"
CUST00181,"92583 David Walk, New Markburgh, NC 52461"
CUST00182,"357 Wright Trafficway Apt. 394, South John, AS 56927"
CUST00183,"Unit 7016 Box 4591, DPO AA 13689"
CUST00184,"06614 Scott Circles, Millerberg, RI 69545"
CUST00185,"583 Gordon Spring, South Elizabeth, AK 03989"
CUST00186,"140 Rebecca Villages Apt. 466, Stewartchester, KY 86736"
CUST00187,"61804 Teresa Lock Suite 390, Brightborough, TN 48798"
CUST00188,"693 Johnson Burgs, Jenniferhaven, DE 82429"
CUST00189,"PSC 8108, Box 4244, APO AP 69136"
CUST00190,"9780 Amy Track, Lewisville, VT 01696"
CUST00191,"246 Amanda Walks Suite 778, Port William, PW 68502"
CUST00192,"75178 Tammy Court, New Annette, WV 70356"
CUST00193,"52272 Matthew Station Apt. 794, Cookview, NC 09406"
CUST00194,"23539 Miller Field, Elizabethville, HI 69453"
CUST00195,"64919 Mercado Burg Apt. 939, Williamshaven, WA 19015"
CUST00196,"4515 Erica Neck, New Andreschester, IN 33121"
CUST00197,"08909 Morton Flat, Lake Jeffery, MD 32954"
CUST00198,"9368 Benjamin Light Apt. 740, Lake Shannon, AZ 74291"
CUST00199,"17839 King Loaf Suite 296, Paigeburgh, AK 42516"
CUST00200,"336 Jason Mills, Hernandezville, NM 72989"
CUST00201,"82808 Stacey Stravenue, Garzashire, TX 57275"
CUST00202,"8578 Ryan Dale Apt. 850, South Morgan, RI 76306"
CUST00203,"1835 Nguyen Glens, East Theresa, PA 28780"
CUST00204,"Unit 1594 Box 2830, DPO AP 67711"
CUST00205,"767 Wood Burg, Lozanoside, NJ 99359"
CUST00206,"24380 Allen Squares Apt. 137, Peterschester, PR 86836"
CUST00207,"315 Pennington Drive, Mcfarlandton, AL 04604"
CUST00208,"PSC 7598, Box 5350, APO AE 56423"
CUST00209,"96414 Wright Place Apt. 236, South Michaelstad, WY 39368"
CUST00210,"764 Miguel Junctions Suite 723, Port Karahaven, KY 18738"
CUST00211,"4203 Powell Mountain Suite 425, Savagebury, TX 09094"
CUST00212,"4381 Williams Cove Apt. 111, New Benjamin, VI 10575"
CUST00213,"8250 Flynn Trafficway Suite 566, Jeffreytown, SC 76929"
CUST00214,"18444 William Harbor, Taylorfurt, LA 03625"
CUST00215,"308 Barrett Skyway, Lynchview, WV 61575"
CUST00216,"83038 Martinez Tunnel Apt. 405, North Taylor, PW 15386"
CUST00217,"24097 Young Knolls Apt. 533, Anthonyfurt, NJ 34651"
CUST00218,"11466 Samuel Courts, Port Charles, VT 55946"
CUST00219,"984 Sherri Spring, New Lori, MN 18166"
CUST00220,"59593 Steve Keys Apt. 571, South Jose, CO 62473"
CUST00221,"6902 Linda Shoal, North Catherinetown, IN 85948"
CUST00222,"437 Sarah Path, West Laurie, SC 15852"
CUST00223,"971 Miller Pass, Staciemouth, AK 18032"
CUST00224,"0967 Jennifer Circles, East Emily, IA 31002"
CUST00225,"3292 Joel Isle Suite 710, South Nathanstad, IA 04746"
CUST00226,"9508 Jennifer Pike Suite 272, Andreashire, PA 17786"
CUST00227,"58216 Nixon Throughway, Martinville, OH 46865"
CUST00228,"216 Coleman Valleys, Lake Christopher, NE 01275"
CUST00229,"14334 Sandra Ridges, West Christinachester, SD 28096"
CUST00230,"70348 Travis Circles Suite 138, Port Jessicaton, VT 68300"
CUST00231,"4406 Shelby Valleys Suite 080, Kevinmouth, PR 41710"
CUST00232,"536 Walker Mission Suite 754, Adrianshire, MN 00916"
CUST00233,"4455 Lawrence Wells Apt. 999, North Lawrence, OK 20508"
CUST00234,"8795 Michelle Centers Apt. 097, East Michelleland, OR 66361"
CUST00235,"32972 Barry Spring Suite 470, Molinahaven, MI 68381"
CUST00236,"6287 Allen Mountain Apt. 381, Valdezhaven, MA 88307"
CUST00237,"62627 Perez Roads, East Michael, NM 30879"
CUST00238,"2068 Frances Forest Suite 536, Port Brendaland, KS 66517"
CUST00239,"3166 Crawford Street Apt. 323, South Michael, KS 77305"
CUST00240,"07741 Carolyn Mountain Suite 767, Francisberg, WI 66701"
CUST00241,"452 Samantha Avenue, West Raymondshire, FM 24881"
CUST00242,"USS Reed, FPO AE 43433"
CUST00243,"74569 Abigail Mountain Suite 142, Sonyashire, SC 16244"
CUST00244,"102 Alicia Lane Apt. 137, North Kenneth, PW 78879"
CUST00245,"PSC 7239, Box 0176, APO AE 16506"
CUST00246,"58480 Paul Expressway, Port Donald, NJ 97805"
CUST00247,"221 Ramos Port Apt. 800, Ryantown, ND 18330"
CUST00248,"50330 Holland Causeway, West Mirandaburgh, NV 73996"
CUST00249,"398 Carlos Extension Suite 355, Danielhaven, NM 35102"
CUST00250,"986 Toni Forges, Michaelport, OK 91914"
CUST00251,"20311 Tina Prairie Apt. 268, South Jacob, KY 72761"
CUST00252,"81994 Bush Track Suite 682, Williammouth, WA 95601"
CUST00253,"91870 Chelsea Walk Suite 422, Garystad, KY 51506"
CUST00254,"2446 Fowler Cove, Karinaborough, RI 32478"
CUST00255,"411 Cynthia Shores, Bellmouth, NJ 53147"
CUST00256,"021 Tate Wall, South Daniel, CO 14557"
CUST00257,"1264 Cardenas Extensions, West Laura, OR 06807"
CUST00258,"2110 Christopher Junction Suite 918, Parkerhaven, ID 46409"
CUST00259,"PSC 6828, Box 6804, APO AA 26326"
CUST00260,"6515 Stevens Oval Suite 538, West Matthewchester, HI 40347"
CUST00261,"Unit 0945 Box 3476, DPO AP 25314"
CUST00262,"986 Denise Club Suite 178, Duranbury, VT 84690"
CUST00263,"614 Leslie Drive Apt. 368, Rothfurt, ME 16565"
CUST00264,"Unit 1973 Box 7661, DPO AA 92619"
CUST00265,"175 Jackson Knoll Suite 264, Freemanshire, MP 26752"
CUST00266,"82217 Tyler Streets Suite 587, Robertbury, OK 32389"
CUST00267,"PSC 8866, Box 0128, APO AE 26987"
CUST00268,"72487 Stevenson Springs Apt. 072, South Anna, MP 25062"
CUST00269,"353 Benjamin Crescent Apt. 044, New Barbarashire, KY 99409"
CUST00270,"06186 Vargas Alley, Tuckerton, RI 95835"
CUST00271,"992 Cole Course Suite 240, Kellyport, OR 82632"
CUST00272,"03241 Joanna Mission, Lake Jessica, KS 78498"
CUST00273,"9412 Melody Crescent Apt. 454, Suzanneburgh, SC 92948"
CUST00274,"0006 Rivera Port Apt. 698, North Courtney, LA 25809"
CUST00275,"USNS Alexander, FPO AE 65673"
CUST00276,"3329 Moody Passage, Annetteland, SC 01306"
CUST00277,"161 Elizabeth Walks, North Toddhaven, MH 44888"
CUST00278,"PSC 0583, Box 9996, APO AP 37882"
CUST00279,"04648 Michael Ferry, West Kennethshire, GA 91014"
CUST00280,"8792 Hudson Ford, Lake Thomas, TX 24406"
CUST00281,"Unit 1261 Box 0186, DPO AA 99774"
CUST00282,"8803 Wiggins Trail Suite 367, Ruizberg, GU 65134"
CUST00283,"23088 Scott Parkways Suite 148, North Briannatown, IN 94777"
CUST00284,"32274 Jay Expressway, Lake Kellychester, WI 37452"
CUST00285,"75779 Chavez Street Apt. 961, South Scott, PR 56972"
CUST00286,"928 Chang Square Apt. 525, West Maria, AZ 93246"
CUST00287,"79728 Rebecca Junctions, Branchfort, CA 40594"
CUST00288,"9830 Short Terrace Apt. 894, South Christianview, CO 98067"
CUST00289,"2438 Helen Mall Suite 552, Kathleentown, NY 47884"
CUST00290,"67022 Nina Forks Suite 551, Jordanview, CT 61315"
CUST00291,"1251 Short Oval, Port Ericafort, IL 78170"
CUST00292,"91060 Michael Course Suite 184, Lake Stephanie, AR 53883"
CUST00293,"803 Terry Hollow, Tonyafort, UT 73714"
CUST00294,"USNS Serrano, FPO AE 20641"
CUST00295,"60497 Angela Drive Apt. 689, Pamelaton, RI 81141"
CUST00296,"51456 Berry Via Suite 784, Port Judithland, CO 95179"
CUST00297,"30443 Lewis Station, North Jonathan, RI 83918"
CUST00298,"87237 Davis Throughway Suite 113, Brockhaven, NC 21199"
CUST00299,"6836 Darlene Route Apt. 933, Kylechester, PW 37866"
CUST00300,"21459 Dakota Unions Apt. 557, New John, NM 06142"
CUST00301,"3146 Ian Keys Apt. 075, Huffville, AR 43136"
CUST00302,"USS Huang, FPO AE 31406"
CUST00303,"2157 Brown Tunnel Apt. 214, North David, DC 87298"
CUST00304,"9745 Micheal Bridge Suite 389, South Stephenton, DE 96013"
CUST00305,"PSC 0731, Box 4753, APO AP 83895"
CUST00306,"9111 Laura Brooks, Tabithaburgh, DC 26199"
CUST00307,"13316 Mason Row, Barronview, CT 89078"
CUST00308,"96730 Luis Motorway Apt. 646, South Melissa, TX 34364"
CUST00309,"821 Courtney Mission, Santanatown, OK 42237"
CUST00310,"785 Heidi Brooks, Lefurt, RI 70534"
CUST00311,"3976 Soto Centers Suite 127, Dannyborough, ME 28087"
CUST00312,"5051 Moore Circles, Tylerburgh, NV 91693"
CUST00313,"75519 Julia Fords Apt. 352, Port Michelleport, MN 49559"
CUST00314,"2074 Schneider Turnpike, Johnstontown, NJ 44601"
CUST00315,"410 James Stream Apt. 607, Snyderside, UT 42774"
CUST00316,"01802 Carlson Fields, South Jessica, PR 00519"
CUST00317,"353 Clark Union Suite 516, West Samuel, PR 31091"
CUST00318,"63455 Smith Square, Ronnieton, GU 52188"
CUST00319,"467 Burton Dale Apt. 006, Lake Jamesburgh, VA 27344"
CUST00320,"19182 Murphy Track, West Christopherfurt, PA 06546"
CUST00321,"916 Roy Expressway Suite 217, Guzmanview, KY 33272"
CUST00322,"525 Colleen Squares Suite 963, Vickifort, PW 64798"
CUST00323,"7929 Andrew Cape Apt. 227, Frederickstad, MN 08918"
CUST00324,"068 Rich Island Suite 619, Port Russell, ME 58591"
CUST00325,"8530 Swanson Islands, Bryanchester, AK 20255"
CUST00326,"PSC 4850, Box 1233, APO AP 03589"
CUST00327,"400 Ryan Knolls Suite 512, Erikburgh, NM 57474"
CUST00328,"74142 Nancy Island Apt. 309, Christopherview, IN 40197"
CUST00329,"870 Laurie Hill Suite 812, Williamsside, SD 72452"
CUST00330,"1406 Young Station Apt. 142, South Diane, LA 73005"
CUST00331,"2130 Sharon Forges Apt. 018, Thomasmouth, IN 82150"
CUST00332,"8833 Arias Courts Apt. 625, Karenstad, VT 91607"
CUST00333,"3062 Mckay Fall Suite 081, Brownshire, AL 12725"
CUST00334,"PSC 1128, Box 8766, APO AA 44136"
CUST00335,"4691 Jonathan Park, West Joyland, MS 66127"
CUST00336,"0289 Hays Plains Suite 038, South Moniqueport, SD 49607"
CUST00337,"456 Wheeler Forge, Port Alanstad, VT 66210"
CUST00338,"29748 Murray Extension, Stevensside, MH 04964"
CUST00339,"400 Kyle Trail Apt. 846, Holmesport, MP 89969"
CUST00340,"3188 Zachary Place Apt. 592, Lake Benjamin, MS 67808"
CUST00341,"35340 Gilbert Harbors, Kaitlinborough, AK 60646"
CUST00342,"447 Benjamin Plaza Apt. 165, New Shelby, IL 00556"
CUST00343,"0828 Anthony Rapids Suite 074, Burkemouth, DE 35539"
CUST00344,"7719 Mitchell Station Apt. 768, New William, CT 13939"
CUST00345,"40211 Hudson Centers, Cameronshire, VA 46213"
CUST00346,"858 Joe Ways, West Sherryborough, IL 91827"
CUST00347,"730 Duran Keys Apt. 521, West Gabriel, MH 58621"
CUST00348,"3819 James Highway, West Taylorchester, OH 29852"
CUST00349,"33790 Gregory Bypass, Parksland, MN 12480"
CUST00350,"848 Cooper Lakes Suite 568, Mahoneytown, ID 56745"
CUST00351,"56131 Connie Mill Apt. 471, East Raymondton, GA 40353"
CUST00352,"4664 Cameron Track, West Josebury, ID 09503"
CUST00353,"3520 Romero Glen Apt. 366, West Sandra, TX 20148"
CUST00354,"9133 Sara Locks Suite 875, Amyborough, HI 19259"
CUST00355,"826 Matthew Avenue Apt. 287, South Megantown, FM 44815"
CUST00356,"6062 Melissa Knolls, Robertschester, ND 37454"
CUST00357,"976 Angela Corners, Andreabury, TN 39206"
CUST00358,"USNS Edwards, FPO AP 83751"
CUST00359,"11372 Toni Landing Apt. 702, Mcdowellbury, AR 96725"
CUST00360,"USNV Buck, FPO AP 40616"
CUST00361,"USCGC Rocha, FPO AA 92702"
CUST00362,"881 Judy Field, Carlmouth, MI 65909"
CUST00363,"72777 Thompson Run, South Karamouth, CO 57907"
CUST00364,"4223 Diana Lights, Port Amy, DE 05901"
CUST00365,"62299 Hannah Brooks, Mcdonaldburgh, NJ 01853"
CUST00366,"34130 Huber Fort Apt. 550, West Danielborough, KS 84952"
CUST00367,"5084 Bennett Wells, Port Andrewberg, MP 69981"
CUST00368,"799 Charles Burgs, Stephanieview, GA 17908"
CUST00369,"Unit 3507 Box 5325, DPO AA 01588"
CUST00370,"23170 Melissa Row, Anthonyfurt, AK 44504"
CUST00371,"583 Richard Centers, South Brian, AZ 94108"
CUST00372,"433 Keith Grove, Grahamville, GA 89135"
CUST00373,"524 Daniels Ferry Apt. 458, North Josephbury, WV 10558"
CUST00374,"19030 Gibson Spur, Phillipsberg, NC 31452"
CUST00375,"PSC 3461, Box 8825, APO AP 77423"
CUST00376,"48622 Amanda Prairie, North Christopher, NC 48845"
CUST00377,"38241 Russell Prairie, East Mark, MA 97801"
CUST00378,"9689 Mark Turnpike Suite 399, Kaitlynmouth, AK 74998"
CUST00379,"07320 Mendez Cove, West Jamie, VT 91850"
CUST00380,"78055 Elaine Knolls, West Jacobstad, ME 75328"
CUST00381,"610 Bowers Estate Apt. 203, Keithton, FM 07847"
CUST00382,"962 Patricia Island Apt. 809, East Jamesstad, WV 15721"
CUST00383,"22670 Anderson Drive, Clarkton, HI 96925"
CUST00384,"PSC 4858, Box 9044, APO AA 41266"
CUST00385,"USCGC Klein, FPO AE 91272"
CUST00386,"71386 Brown Locks, Port James, WI 80288"
CUST00387,"8294 Erika Fort Suite 792, Port Julian, UT 95209"
CUST00388,"8054 Sierra Stream Apt. 010, Olsonshire, UT 12145"
CUST00389,"390 Robert Corners, Michaelchester, NC 91844"
CUST00390,"9224 Chad Brook, Downsport, WI 65047"
CUST00391,"592 Arnold Wall, Christineborough, KS 85353"
CUST00392,"582 Solis Courts Suite 559, South Kyleville, IN 15156"
CUST00393,"81003 Desiree Trail, Lake Andrewstad, ID 15919"
CUST00394,"4438 Sandoval Plaza Apt. 670, East Amandashire, SD 03928"
CUST00395,"PSC 5996, Box 5913, APO AA 88356"
CUST00396,"44215 Aaron Pines, New Taraview, MP 56320"
CUST00397,"33393 Ryan Hills Suite 530, Littleshire, MI 22998"
CUST00398,"076 Pennington Turnpike, Lowebury, ID 86815"
CUST00399,"0101 Sandoval Square Apt. 161, New Erin, NE 87257"
CUST00400,"931 Williams Coves Suite 305, New Sara, KS 31564"
CUST00401,"219 Amanda Lakes Suite 603, New Alexandra, AS 05998"
CUST00402,"3591 Joseph Mount, South Barbarafort, AK 49965"
CUST00403,"69698 Randall Squares Apt. 454, North Amy, WV 66236"
CUST00404,"5978 Briana Ports, Cruzfurt, SC 82867"
CUST00405,"597 Ryan Extension Suite 532, Jennyton, CO 25725"
CUST00406,"9285 Young Roads, South Jason, MT 19257"
CUST00407,"571 Arroyo Heights, West James, MA 10194"
CUST00408,"39643 Kathleen Plains, Lauraburgh, VI 63958"
CUST00409,"4850 Smith Plains, Stevensfurt, NE 10762"
CUST00410,"84636 Pamela Drive Suite 253, Ernestport, WY 73051"
CUST00411,"7687 Joy Ways Suite 344, Lauraborough, PR 88392"
CUST00412,"2721 Bautista Courts Apt. 882, Perryville, DE 65144"
CUST00413,"0748 Johnson Plains Apt. 062, Comptonside, DE 54790"
CUST00414,"5373 Olson Plain Suite 623, Toddfort, GA 37236"
CUST00415,"835 Brian Overpass, Lake William, NC 35287"
CUST00416,"98866 Case Drive, Lake Teresa, SC 94468"
CUST00417,"42332 Danielle Port, Acostafurt, KY 26201"
CUST00418,"05011 Thornton Spring, North James, FL 05882"
CUST00419,"991 Hart Parkway, Joshuashire, NH 59946"
CUST00420,"637 Fox Springs, West Misty, ID 19082"
CUST00421,"305 Anthony Center, Wilsonview, KY 22461"
CUST00422,"284 Riley Springs Suite 151, Port Ashleyport, OH 54248"
CUST00423,"19791 Leah Street Suite 302, South Shannon, TX 39921"
CUST00424,"PSC 6949, Box 4770, APO AP 89672"
CUST00425,"348 Andrew Course Apt. 803, Port Adamstad, AS 33612"
CUST00426,"42549 Taylor Trace, New Gavinside, PW 21768"
CUST00427,"6323 Diaz Flats, West Kellyshire, IA 77115"
CUST00428,"50012 Wendy Mountain, Terryfurt, HI 88611"
CUST00429,"692 Haley Corners Suite 423, Nathanielton, SD 35682"
CUST00430,"USNV Moore, FPO AE 10184"
CUST00431,"Unit 7685 Box 2099, DPO AP 05584"
CUST00432,"72108 Valerie Garden Suite 403, South Sharonburgh, CO 53580"
CUST00433,"1445 Shawn Plains Suite 691, Port Gregoryburgh, NH 24282"
CUST00434,"22767 Woodard Loop, West Jessica, MP 06209"
CUST00435,"3033 Pitts Harbors, New Williamhaven, IA 84780"
CUST00436,"1196 King Trafficway, Kaylachester, TX 73390"
CUST00437,"40899 Bonnie Junctions, Vanessaton, NH 90537"
CUST00438,"783 Stephanie Key, East Nancyville, RI 24808"
CUST00439,"348 Murray Rapids Suite 737, Owensland, KY 98760"
CUST00440,"143 Jacobs River, Katherinehaven, IA 11937"
CUST00441,"2784 Laura Coves, Marcusshire, WI 68058"
CUST00442,"29579 Peter Trafficway, Goodwinstad, NV 57080"
CUST00443,"464 Christina Fort, Port Kellyville, CO 23836"
CUST00444,"415 Patricia Inlet, North Sydneyborough, MD 36343"
CUST00445,"9536 Michael Rue, Lake Patrick, OH 99125"
CUST00446,"PSC 4954, Box 9545, APO AA 76201"
CUST00447,"5343 Debra Park, Batesberg, NY 51870"
CUST00448,"168 Charles Ville, Christopherborough, KS 10041"
CUST00449,"54638 Lee Alley, Port Joseph, FM 39861"
CUST00450,"7202 Courtney Summit, New Mark, NY 72224"
CUST00451,"0323 Gonzalez Shoal, Port Tiffany, DE 54331"
CUST00452,"75339 Robert Circles, Christophermouth, MH 98504"
CUST00453,"08917 Petty Brooks Apt. 258, Port Josephborough, DC 36054"
CUST00454,"10734 Aguirre Common Suite 656, Suzannehaven, SD 25478"
CUST00455,"894 Torres Shores, North Bryanfort, MH 08958"
CUST00456,"8228 Amanda Pass, West Paula, AZ 21099"
CUST00457,"5589 Gilbert Drive Suite 486, West Jamesland, CT 66635"
CUST00458,"25606 Dawn Shoal, Leeburgh, ND 00645"
CUST00459,"PSC 3943, Box 3753, APO AE 42986"
CUST00460,"565 Andre Expressway Apt. 491, Potterview, CT 24623"
CUST00461,"9179 Kimberly Island Apt. 292, Carrollbury, DE 97491"
CUST00462,"PSC 9189, Box 8382, APO AP 01164"
CUST00463,"8658 Rebekah Manor Suite 795, Port April, IA 51689"
CUST00464,"17756 Miller Loaf Suite 248, Arellanoburgh, NC 07365"
CUST00465,"89531 Hudson Crossing Apt. 189, North Jamesville, OK 71525"
CUST00466,"13270 Mack Square Suite 766, Lawsonhaven, NY 67938"
CUST00467,"Unit 2575 Box 4674, DPO AP 91732"
CUST00468,"39114 Sanchez Fords Apt. 276, East Tanyafort, IL 03664"
CUST00469,"PSC 7552, Box 8499, APO AA 98261"
CUST00470,"24683 Thomas Alley, Elliotthaven, HI 31693"
CUST00471,"6129 Mckinney Summit Suite 848, Lopezchester, WV 67383"
CUST00472,"3230 Russo Extension, Turnerview, MT 21593"
CUST00473,"7254 Taylor Spurs Suite 422, North Zacharyside, RI 59335"
CUST00474,"1362 Christine Lights Apt. 121, Audreystad, AL 30504"
CUST00475,"82272 Kevin Corner Suite 374, Andreview, MO 42232"
CUST00476,"0862 Bolton Streets, West Amyberg, ME 03398"
CUST00477,"51944 Wilson Pine, Jasonberg, VI 21861"
CUST00478,"2806 Wu Mountain Apt. 946, East Wandaland, ND 56685"
CUST00479,"369 Susan Summit, New Paulfort, GA 59807"
CUST00480,"96826 Cain Expressway Suite 242, Karenshire, HI 67154"
CUST00481,"006 Kyle Rapid, Jasonmouth, GA 60120"
CUST00482,"226 Beltran Extensions, Johnsonbury, MS 53068"
CUST00483,"263 Salazar Ferry, East Christopherstad, PA 12341"
CUST00484,"881 Valerie River, Mackenzieshire, OR 19314"
CUST00485,"88248 Dixon Gateway, Butlerstad, NJ 82032"
CUST00486,"456 Harrison Expressway Suite 392, Barnettview, MS 73720"
CUST00487,"93686 Felicia Court Suite 633, East Tarahaven, MS 86821"
CUST00488,"22847 Michelle Meadow, Ashleymouth, MS 42121"
CUST00489,"17176 Christina Extensions, Rachelview, WI 42605"
CUST00490,"802 Peggy Well, Burkeville, MA 93923"
CUST00491,"15594 Krystal Cove Suite 946, Foxburgh, MS 55653"
CUST00492,"2692 Conner Garden, Lake Melissa, MI 43030"
CUST00493,"785 Key Row Apt. 100, Norrisburgh, AK 82844"
CUST00494,"042 Lisa Trace, Bakerchester, GU 41294"
CUST00495,"USNV Hampton, FPO AA 57090"
CUST00496,"0451 Glen Ferry, South Jacobfort, VI 35634"
CUST00497,"266 Johnson Canyon, East Amber, CT 30146"
CUST00498,"341 Victoria Circle, Gutierrezport, MS 62731"
CUST00499,"PSC 6603, Box 5517, APO AP 08375"
CUST00500,"61256 Thornton Ville Suite 497, Wuhaven, MT 03740"
CUST00501,"4658 Allen Valley Suite 799, Robinside, MT 51270"
CUST00502,"5075 Johnathan Row, Phillipberg, MO 53833"
CUST00503,"136 Hernandez Well Apt. 359, Chadbury, VI 09603"
CUST00504,"137 Angela Centers, North Christianhaven, NH 80783"
CUST00505,"246 Melissa Point, Lake James, PA 01479"
CUST00506,"Unit 0491 Box 8344, DPO AA 88673"
CUST00507,"14151 Morgan Meadow Apt. 956, Wilkinsland, MS 28713"
CUST00508,"Unit 8647 Box 2961, DPO AP 61378"
CUST00509,"4774 Molina Pike Apt. 755, Jennashire, GA 41028"
CUST00510,"39518 Elliott Mills Apt. 886, East Shannonside, MA 63825"
CUST00511,"9294 Austin Pines, Swansonville, MH 81437"
CUST00512,"346 Michael Bypass Suite 627, Alexandrafort, NE 46361"
CUST00513,"Unit 2624 Box 8009, DPO AP 93445"
CUST00514,"209 Ortiz Vista, Jerryberg, NV 67666"
CUST00515,"6629 Karen Valleys, Port Samanthaview, MD 11398"
CUST00516,"797 Jane Shoal Apt. 687, North Johnmouth, VI 60792"
CUST00517,"1528 Lara Terrace Suite 679, Williamshaven, MT 93728"
CUST00518,"711 Stacey Ridge Suite 147, Abigailville, NM 28652"
CUST00519,"0232 Timothy Harbor Suite 742, West Anitafort, UT 57722"
CUST00520,"55867 Justin Course, New Melissa, AZ 65323"
CUST00521,"2099 Sherri Islands, West Steven, DE 10502"
CUST00522,"512 Melton Club Suite 066, Gillespiestad, UT 42514"
CUST00523,"61779 Melton Parkways Suite 185, North Michael, MI 57415"
CUST00524,"2454 Jennifer Circle, East Sherriton, NJ 58343"
CUST00525,"980 Ward Branch Apt. 245, Landryberg, ME 36923"
CUST00526,"4399 Brandt Ridges Apt. 124, Port Michaeltown, AK 88781"
CUST00527,"422 Farrell Passage Apt. 013, East Nathan, NV 10871"
CUST00528,"0080 Jefferson Squares Apt. 576, Armstronghaven, MP 88533"
CUST00529,"2389 Tyler Stravenue, Bradleyshire, HI 62083"
CUST00530,"91264 Jennifer Alley Suite 007, Port Tinafort, WI 47620"
CUST00531,"7711 Kenneth Terrace Apt. 271, Meganfort, WI 57362"
CUST00532,"1171 Diaz Locks, Mcintoshberg, WA 81147"
CUST00533,"USCGC Murphy, FPO AP 99059"
CUST00534,"1997 John Row, South Emilyport, MA 63046"
CUST00535,"3820 Rodriguez Points, Port Tracy, CT 54592"
CUST00536,"36673 Brian Heights Apt. 911, Michellechester, HI 06483"
CUST00537,"164 Emma Shores Apt. 587, Bellchester, CT 82479"
CUST00538,"538 Dennis Underpass, North Brenda, PA 18099"
CUST00539,"039 Evan Brooks Apt. 480, Nicholasburgh, MH 60068"
CUST00540,"3843 Hall Loaf, North Ianberg, OR 56511"
CUST00541,"658 Audrey Square Apt. 276, Lake Lanceville, MS 15062"
CUST00542,"219 Sarah Hills Suite 087, North Debbie, MP 30078"
CUST00543,"50159 Wilkinson Streets Suite 035, West Michaelchester, FM 43888"
CUST00544,"879 Davis Dam Apt. 638, South Jessica, MA 29947"
CUST00545,"7077 Rebecca Mount Apt. 449, Sierraland, VI 43783"
CUST00546,"72159 Nathaniel Stravenue Apt. 677, East Jadeberg, AK 42608"
CUST00547,"7167 Villa Union, Jasminefort, MP 76361"
CUST00548,"63830 Fisher Forges, East Duane, VT 79688"
CUST00549,"62697 Steven View Apt. 190, Bellburgh, IA 02038"
CUST00550,"805 Wiggins Village, South Richardview, IN 81278"
CUST00551,"9249 Amber Overpass, Conniefurt, KS 90783"
CUST00552,"PSC 0894, Box 2695, APO AP 08763"
CUST00553,"178 Davis Causeway, Woodshire, GU 39588"
CUST00554,"9083 Johnson Squares Apt. 553, Reginahaven, FL 41381"
CUST00555,"897 Kimberly Gateway, New Brandon, MP 21697"
CUST00556,"311 Derek Common, New Phillip, SD 98896"
CUST00557,"26674 Nicholas Crossroad, Hensleyton, MT 59930"
CUST00558,"168 Denise Plaza, Madisonville, PW 64162"
CUST00559,"531 Michelle Drive Suite 227, Port Royside, CA 03229"
CUST00560,"4213 Cervantes Creek, Samanthaton, CT 66983"
CUST00561,"USS Mosley, FPO AE 01352"
CUST00562,"90519 Samantha Village, Zacharyport, VA 43560"
CUST00563,"694 Rosales Camp, Port Connie, KY 20331"
CUST00564,"904 Swanson Green Apt. 261, West Rodneymouth, UT 33936"
CUST00565,"69397 James Plaza Suite 250, Josephborough, MI 40961"
CUST00566,"17449 Smith Oval, Olsonview, IA 82943"
CUST00567,"70790 Hamilton Junction, Dylantown, MD 09778"
CUST00568,"28424 Williams Crest Apt. 563, Kathleenburgh, SD 38760"
CUST00569,"44837 Mack Village, Jamesstad, AL 15513"
CUST00570,"46944 Jonathan Squares, North Gabrielle, FL 14475"
CUST00571,"07349 Richard Forks Suite 947, Charlesmouth, WA 02949"
CUST00572,"210 Anderson Gateway, Port Alejandro, RI 83665"
CUST00573,"447 Toni Tunnel Apt. 212, Torresmouth, NV 17717"
CUST00574,"USCGC Thomas, FPO AA 70555"
CUST00575,"USNV Rocha, FPO AP 81232"
CUST00576,"PSC 1075, Box 7039, APO AP 87675"
CUST00577,"11161 Mary River Apt. 402, Timothyberg, UT 26939"
CUST00578,"98389 May Corners Suite 689, New Laura, DC 87918"
CUST00579,"PSC 1045, Box 7626, APO AE 90665"
CUST00580,"42795 Perez Parkways, North James, CT 09170"
CUST00581,"0457 Boyd Trafficway, Garzaborough, ID 63523"
CUST00582,"2534 Pittman Isle Suite 386, Reneeburgh, WY 76521"
CUST00583,"2785 Hamilton Oval, Lisaberg, IA 18021"
CUST00584,"506 Cynthia Squares, East Williamfort, NJ 68996"
CUST00585,"USCGC Leonard, FPO AP 25517"
CUST00586,"PSC 2844, Box 6088, APO AP 83568"
CUST00587,"4088 Jensen Crest Suite 965, South Alison, VA 35266"
CUST00588,"83196 Patrick Prairie Suite 580, Helentown, IL 92382"
CUST00589,"78052 Williams Walks, Sierraburgh, FM 88135"
CUST00590,"81856 Obrien Fork, Lake Allisonbury, TX 26543"
CUST00591,"0040 Mullen Spurs Apt. 662, East Carolynberg, AS 31905"
CUST00592,"21545 Jessica Rest, Petersonchester, ID 00859"
CUST00593,"4413 Joseph Canyon, New Frankberg, PW 34630"
CUST00594,"256 Connie Landing Suite 627, Angelfort, WA 76534"
CUST00595,"9839 Joseph Mills Suite 138, Bishopburgh, AL 37369"
CUST00596,"813 Moody Forges, Lake Jessica, PR 65941"
CUST00597,"807 Campbell Isle, Port Reginald, OR 74020"
CUST00598,"0810 Brandon Bridge Apt. 862, Charlesberg, ID 37791"
CUST00599,"0618 Dougherty Avenue, Johnsonville, LA 63091"
CUST00600,"2422 Ferguson Walks, Stephenville, SD 51364"
CUST00601,"29708 Joshua Underpass, Lake Colleenfort, RI 86195"
CUST00602,"40934 Justin Center Apt. 650, North Thomasmouth, AS 71662"
CUST00603,"PSC 6426, Box 9357, APO AP 07738"
CUST00604,"969 Bill Rue Suite 382, North Desireefurt, AS 50506"
CUST00605,"3412 Bailey Road Suite 895, New Jessica, WY 71976"
CUST00606,"69223 Perkins Forest, Lake Lauraville, UT 15195"
CUST00607,"183 David Place, Christineton, NM 99059"
CUST00608,"988 Davis Greens, East Jenniferport, MP 46735"
CUST00609,"9500 Mendoza Summit, New Nicholas, MN 68132"
CUST00610,"57367 Pena Streets, Daltonberg, HI 26206"
CUST00611,"6591 Ryan Row Apt. 830, Johnsonstad, AZ 41683"
CUST00612,"1594 Thomas Expressway Suite 547, New Jameston, UT 91573"
CUST00613,"92422 Michelle Throughway Apt. 148, South Jamesberg, NC 46936"
CUST00614,"USCGC Jones, FPO AE 85647"
CUST00615,"18583 Orozco Orchard, East Margaret, IN 68569"
CUST00616,"PSC 8467, Box 4442, APO AP 66688"
CUST00617,"2963 Rubio Neck Suite 856, East Benjaminstad, ME 20646"
CUST00618,"2828 Cory Manors, New Tannerton, OH 98647"
CUST00619,"98212 Kathy Cliffs, New Johnside, PR 47601"
CUST00620,"40907 Jesus Tunnel Suite 005, Mariahside, DC 17535"
CUST00621,"Unit 0856 Box 6378, DPO AP 40101"
CUST00622,"427 Christopher Dam, Sarahmouth, WA 39790"
CUST00623,"987 Mendez Mount Apt. 355, Lake Dustin, MD 84609"
CUST00624,"54595 Williams Camp, Emilyburgh, VT 43098"
CUST00625,"149 Hernandez Road, Lake Michael, AZ 74733"
CUST00626,"PSC 0721, Box 9157, APO AE 62486"
CUST00627,"09128 Nicole Wells, Port Terrance, HI 08717"
CUST00628,"684 Stewart Knolls, West Brandy, MN 53547"
CUST00629,"638 Laura Point, Hallchester, CT 14065"
CUST00630,"79362 Scott Pine, West Kaitlin, MD 26944"
CUST00631,"053 Clark Curve, Davisshire, MH 44306"
CUST00632,"39246 Osborne Motorway Apt. 103, South Jenniferbury, FL 01582"
CUST00633,"USCGC Johnson, FPO AE 45326"
CUST00634,"PSC 8433, Box 7546, APO AP 82549"
CUST00635,"429 Adam Branch Apt. 403, East Michaelland, ME 53255"
CUST00636,"27275 Baldwin Course, East Ian, HI 71679"
CUST00637,"1053 Nicole Gateway Apt. 074, West Mary, MO 47525"
CUST00638,"1636 Kristine Brooks, Robertmouth, MN 47101"
CUST00639,"459 Williams Grove, Gloriafurt, MN 67702"
CUST00640,"39785 Jackson Canyon, South Meaganville, MD 50730"
CUST00641,"8066 Joy Harbor Suite 611, Quinnshire, ND 31736"
CUST00642,"070 Angela Forks, East Tinamouth, SC 80942"
CUST00643,"PSC 5183, Box 4171, APO AP 13288"
CUST00644,"521 Evans Turnpike Suite 258, Brownview, LA 20334"
CUST00645,"642 Kathleen Wells Suite 908, Mariaberg, WY 74361"
CUST00646,"PSC 6234, Box 2204, APO AE 98800"
CUST00647,"8479 Duncan Lodge Suite 916, Port Timothy, WV 66513"
CUST00648,"81136 Perez Fields, Richardville, WA 78229"
CUST00649,"USCGC Barry, FPO AA 77950"
CUST00650,"435 King Course Suite 602, Cynthiahaven, VI 94609"
CUST00651,"1848 Christopher Spurs Suite 842, Port Roy, CO 52159"
CUST00652,"849 Rodney Greens, Russoberg, UT 54841"
CUST00653,"1479 Jeremy Glens, East Brian, NH 39249"
CUST00654,"78843 Johnson Light, Jeromeville, MN 48771"
CUST00655,"871 Stacy Cliffs Apt. 871, Port Laurabury, NV 10457"
CUST00656,"Unit 1110 Box 0756, DPO AA 42406"
CUST00657,"584 Jackson Key, Lauriemouth, DC 39148"
CUST00658,"87571 Harris Bypass Suite 374, Lake Williamborough, MN 42266"
CUST00659,"56332 Debbie Crossroad, Jesseport, WI 15895"
CUST00660,"0712 Stephen Meadows, Andersonville, MP 44928"
CUST00661,"252 Fuentes Heights, Kimhaven, PA 82542"
CUST00662,"83163 Cory Drive, Charlesside, VT 28642"
CUST00663,"USS Harper, FPO AE 20127"
CUST00664,"Unit 9662 Box 0461, DPO AA 61001"
CUST00665,"43039 Hunt Parks, South Jon, AR 71661"
CUST00666,"217 Laura Plain, West Teresa, GU 25145"
CUST00667,"14976 Lopez Route, North Michelleberg, MP 29646"
CUST00668,"777 David Rapids, Acevedoborough, NH 32573"
CUST00669,"5920 Amy Centers, New Meagantown, KY 06154"
CUST00670,"8216 Cooper Pass, Reneeshire, LA 90522"
CUST00671,"616 Karen Junctions, Rachelburgh, DE 63481"
CUST00672,"16900 Bennett Lights Suite 595, North Elaine, NE 57870"
CUST00673,"1201 Byrd Divide Apt. 531, Tracytown, PR 88445"
CUST00674,"187 Fields Oval, South Jillshire, MT 72181"
CUST00675,"18240 Williams Island, Danielland, GU 76753"
CUST00676,"4918 Moreno Estate Suite 487, South Jeffrey, NY 32372"
CUST00677,"6184 Emily Canyon, West Melissaville, GU 96625"
CUST00678,"USS Payne, FPO AP 10091"
CUST00679,"6862 Martinez Springs Suite 775, South Luis, DC 37994"
CUST00680,"5562 Kathryn Dam, South Nicholasborough, VA 91805"
CUST00681,"19528 Freeman Via Suite 338, Emilyport, GU 52522"
CUST00682,"094 Mcknight Spur, North Lori, MD 67933"
CUST00683,"0076 Smith Shoals Suite 342, Port Ericport, VT 28280"
CUST00684,"78919 Walter Greens, Petersmouth, TN 93549"
CUST00685,"88660 Meredith Field, Michaelmouth, MO 80276"
CUST00686,"286 Perez Junction, North Richardfort, MT 94155"
CUST00687,"856 Mills Mount Suite 279, New Michael, PR 64641"
CUST00688,"772 Wood Spring, Lake Jaclynstad, MA 02398"
CUST00689,"PSC 1156, Box 9484, APO AP 11120"
CUST00690,"6015 Jennifer Spurs Suite 208, East Whitneyside, MO 11241"
CUST00691,"USCGC Bennett, FPO AP 87315"
CUST00692,"776 Griffith Summit, Lake Nancyfort, NV 65651"
CUST00693,"PSC 3302, Box 3412, APO AE 42017"
CUST00694,"624 Orr Land Apt. 623, Lake Toni, WI 15546"
CUST00695,"57794 Susan Springs, South Johnny, WA 27786"
CUST00696,"09092 Marcus Flat, Port Jesusfort, FL 46686"
CUST00697,"USNS Ortega, FPO AP 09075"
CUST00698,"25938 Jeffery Motorway, Lake Nicholasburgh, MO 88033"
CUST00699,"06403 Elizabeth Trace Apt. 990, Dianaview, ND 09037"
CUST00700,"09664 Kimberly Lane, East Maryfurt, MN 92212"
CUST00701,"837 Salas Bridge Apt. 835, South Michael, VI 69993"
CUST00702,"161 Christopher Spurs, New Matthewtown, NM 29299"
CUST00703,"733 Henderson Spring Apt. 271, West Nathanielfurt, HI 19722"
CUST00704,"538 Mckinney Summit Suite 648, Lake Charlesville, OR 44861"
CUST00705,"9467 Monica Neck Suite 905, New Bradshire, IL 49651"
CUST00706,"06723 Christina Alley, Lake Alison, IL 39158"
CUST00707,"6881 Joseph Street Apt. 142, Martinview, MH 69289"
CUST00708,"306 Adkins Mountain Apt. 140, Skinnermouth, CO 15061"
CUST00709,"320 Meadows Street Suite 348, Toddton, NJ 46951"
CUST00710,"46543 Andrew Trafficway, Murphystad, MA 95351"
CUST00711,"162 Brittany Radial Suite 348, North Jeffrey, MA 25416"
CUST00712,"46705 Willis Crossroad Apt. 941, South Larry, ND 70128"
CUST00713,"7940 Clark Ports Suite 556, West Tiffany, MT 77703"
CUST00714,"30198 Rojas Locks Suite 373, West Andreahaven, ME 38445"
CUST00715,"9082 Amanda Road Suite 570, East Russellstad, DE 24052"
CUST00716,"USNV Hess, FPO AA 49788"
CUST00717,"0692 Lisa Throughway Suite 704, New Benjamintown, AR 36757"
CUST00718,"081 Carol Gardens, West Samantha, WY 86838"
CUST00719,"745 Hunter Corner Suite 821, Marshallstad, SD 80667"
CUST00720,"298 Jesse Extensions Apt. 532, Gutierrezhaven, FL 73447"
CUST00721,"127 Villegas Shoals, East Hannah, PR 09027"
CUST00722,"PSC 9947, Box 9929, APO AA 15290"
CUST00723,"37924 Mack Locks Suite 547, Myerstown, ID 96261"
CUST00724,"5636 Matthew Streets, Jacobsview, ND 59205"
CUST00725,"3739 Mitchell Estate Apt. 286, West Laurie, MH 29491"
CUST00726,"830 Jones River, Kellystad, VA 70680"
CUST00727,"93408 Parker Brook, West Rebecca, MN 30830"
CUST00728,"865 Hawkins Parkway, Christinachester, MS 13479"
CUST00729,"1856 Adams Circle Suite 736, South Rodneyberg, VT 26396"
CUST00730,"0845 Emily Overpass, West Raymond, NV 24689"
CUST00731,"46996 Thomas Shore Suite 891, West Larry, TX 43711"
CUST00732,"2925 Harper Mews, Meghanchester, IA 49936"
CUST00733,"68802 Hunter Cliff Suite 752, Andersonton, VT 17405"
CUST00734,"USNV Mccarty, FPO AP 09610"
CUST00735,"84753 Martin Prairie, Hughesshire, OK 73671"
CUST00736,"620 Tracy Parks Suite 801, Mendezborough, IA 41192"
CUST00737,"1457 Robert Harbor Suite 922, South Timothy, IL 71179"
CUST00738,"160 Abigail Island, Markview, TN 44131"
CUST00739,"636 Taylor Road, South Troyborough, AL 15672"
CUST00740,"6608 Weiss Parks Apt. 797, Cooperville, MA 89493"
CUST00741,"614 Edwards Walk, Larsonland, MA 11418"
CUST00742,"9293 James Track, Torresmouth, MH 03285"
CUST00743,"5265 Peter Unions, South Wayneview, AS 77195"
CUST00744,"672 Jason Knolls Suite 194, Andersonport, RI 10052"
CUST00745,"2541 Katie Lights Apt. 331, Jenniferborough, PA 46031"
CUST00746,"92958 Ramos Stravenue, Lestad, MH 70548"
CUST00747,"PSC 9050, Box 7055, APO AE 34787"
CUST00748,"Unit 4797 Box 1509, DPO AP 48070"
CUST00749,"87502 Hoffman Squares, West Jerry, MH 75081"
CUST00750,"2856 Mark Fall, South Shannon, AL 55608"
CUST00751,"641 Gary Curve, South Danielville, PW 21980"
CUST00752,"6303 Calvin Divide, North Jorgefurt, WI 84074"
CUST00753,"Unit 2636 Box 7229, DPO AP 69032"
CUST00754,"07240 Connor Spring Apt. 547, Garciafort, IN 46404"
CUST00755,"940 Jared Mills, Port Gavin, VT 58276"
CUST00756,"643 Santos Trail Apt. 945, Russellbury, AL 97218"
CUST00757,"4162 Carlos Rue, Port Emily, NV 82076"
CUST00758,"0729 Fletcher Square Suite 802, East Candaceshire, MT 97759"
CUST00759,"5765 Atkins Parks, Lake Michaelside, AS 18448"
CUST00760,"1187 Murphy Points, Smithmouth, NE 75009"
CUST00761,"15526 David Shore Suite 156, Matthewside, MN 61039"
CUST00762,"Unit 7729 Box 4152, DPO AE 91980"
CUST00763,"648 Clark Inlet, Hughesbury, WA 34907"
CUST00764,"42925 Yvonne Lake, Hallchester, NV 13781"
CUST00765,"09649 Daniels Trail, Lake Elizabethbury, ND 64832"
CUST00766,"92254 Michael Circles, South Michael, HI 53574"
CUST00767,"PSC 9493, Box 8693, APO AE 60983"
CUST00768,"93592 Lopez Locks Suite 406, Cuevasmouth, UT 95256"
CUST00769,"7867 Bailey Springs, East Gabriel, MS 83716"
CUST00770,"75368 Bell Place Apt. 484, West Samuel, AL 66738"
CUST00771,"9244 Susan Valley Suite 447, Port Carlland, VI 68956"
CUST00772,"274 Tracey Lake Suite 801, Benjaminborough, FL 16683"
CUST00773,"27149 Owens Branch, Yvonneberg, TX 83220"
CUST00774,"44093 Chelsea Rapid Apt. 736, Huffborough, GA 98572"
CUST00775,"238 Jenny Inlet, New Oscarstad, SD 69166"
CUST00776,"761 Eddie Cape, Frankside, CO 62803"
CUST00777,"931 Kristin Circles Apt. 437, Port Pamelamouth, IN 04432"
CUST00778,"Unit 9343 Box 3256, DPO AP 70712"
CUST00779,"5571 Michele Roads Suite 300, New Geoffreyberg, ND 53539"
CUST00780,"7140 Robert Stream Apt. 220, Montgomeryton, VA 15711"
CUST00781,"1291 Morgan Mission, Leemouth, MO 65478"
CUST00782,"8344 Christina Pine Suite 133, Yvonneburgh, KY 20079"
CUST00783,"858 Derrick Tunnel, Markmouth, AR 25427"
CUST00784,"03723 Courtney Mountains Suite 871, South Brendabury, NV 66400"
CUST00785,"3629 Ryan Mountain Suite 665, North Carolineport, UT 79541"
CUST00786,"6594 Eric Square, East Hannahchester, WV 04187"
CUST00787,"75173 Noble Rapids, Huntborough, HI 74715"
CUST00788,"6067 Trujillo Cliffs Suite 892, Lake Glenn, MH 29374"
CUST00789,"457 Hawkins Center, Walkertown, WY 97193"
CUST00790,"406 Tanya Ports Suite 557, West Marvinport, MP 32603"
CUST00791,"850 Kirk Shoal, North Christian, GU 31909"
CUST00792,"787 Amy Terrace Suite 563, South Travis, OK 74155"
CUST00793,"5462 Michael Road Suite 433, Nicolefurt, GU 70331"
CUST00794,"975 Williams Terrace, New Laurabury, DC 26117"
CUST00795,"66296 Ashley Locks Apt. 448, Port Donald, AS 02650"
CUST00796,"341 Cooper Corners Suite 137, Donaldfort, VA 06640"
CUST00797,"PSC 3113, Box 0779, APO AE 31945"
CUST00798,"549 Ryan Lake, East Kenneth, TN 36292"
CUST00799,"8281 Kathy Burgs Suite 911, Gallagherchester, LA 52682"
CUST00800,"362 Jessica Fords, Georgefurt, NY 96003"
CUST00801,"35443 Cantrell Pines, North Sherry, KY 52148"
CUST00802,"92617 Pruitt Road, South Stephanie, FM 34424"
CUST00803,"770 Nathaniel Islands Apt. 513, Port Parker, IA 19022"
CUST00804,"USS Nelson, FPO AP 77642"
CUST00805,"USS Nolan, FPO AE 61743"
CUST00806,"1366 Ronald Plaza, Joelfort, TX 17335"
CUST00807,"1842 Stacy Turnpike Suite 719, Jeffreybury, TN 75154"
CUST00808,"22384 Wright Village Suite 309, Jenniferview, DE 67676"
CUST00809,"6358 James Lock, West Ryanstad, IN 17387"
CUST00810,"289 Hernandez Ville Suite 314, Michaelfurt, VT 51448"
CUST00811,"4888 Cole Ports Apt. 005, Taylorbury, UT 33459"
CUST00812,"7632 Powers Ridge, Lake Yvonne, CA 85735"
CUST00813,"146 David Causeway, Youngville, DE 54044"
CUST00814,"7489 Lane Trafficway, Cooperport, FL 39910"
CUST00815,"7699 Erica Vista, New Andrewmouth, FL 21541"
CUST00816,"40411 Smith Courts, Williamsstad, VA 94548"
CUST00817,"42542 Christopher Drives, Bradleyview, IN 75782"
CUST00818,"2639 Christopher Manors, Lake Laurenstad, AS 99513"
CUST00819,"439 Shawn Shoals Apt. 943, Stevenstown, MD 49376"
CUST00820,"06318 Karen Park, South Matthewborough, AL 05258"
CUST00821,"992 Patrick Vista, Russellville, VI 24525"
CUST00822,"43068 Castillo Mews Suite 754, Davidport, VT 79441"
CUST00823,"0286 Carpenter Court Apt. 672, South Ianshire, DC 84590"
CUST00824,"316 Rodriguez Oval, West Brianna, FL 87128"
CUST00825,"3582 Daniel Shoal Suite 201, Port Zacharyland, VT 78923"
CUST00826,"8292 Lacey Pike Apt. 776, Nicholasborough, MA 20331"
CUST00827,"02127 Ashley Tunnel, New Mark, PR 23556"
CUST00828,"4918 Michael Port Suite 888, Houseton, MP 56859"
CUST00829,"Unit 5932 Box 7615, DPO AA 61920"
CUST00830,"049 Hendrix Spurs, South Austinburgh, TN 00966"
CUST00831,"9066 Michele Lodge Apt. 385, South Nicholas, SD 51121"
CUST00832,"6655 Jennifer Via Suite 010, Judymouth, TN 32368"
CUST00833,"21784 Curtis Vista Suite 920, Fosterview, PA 24193"
CUST00834,"21331 Clements Track, South Jamiebury, IN 52934"
CUST00835,"Unit 7112 Box 5475, DPO AP 96737"
CUST00836,"04655 Brandon Walks, East Melissashire, MO 08946"
CUST00837,"1107 Cole Fork Apt. 011, South Amymouth, CA 69847"
CUST00838,"742 Stephanie Courts Apt. 721, Hoffmanton, MN 08795"
CUST00839,"87396 Goodwin Harbors, Watkinsland, TX 95864"
CUST00840,"551 Mueller Parks Apt. 628, Troyland, NC 64418"
CUST00841,"537 Kathleen Mission Suite 838, Millston, MS 62465"
CUST00842,"3158 Crystal Drive, West Andrea, OK 03836"
CUST00843,"1816 Shane Expressway Suite 128, South Leslieland, KY 73596"
CUST00844,"809 Marshall Lodge Suite 541, Lynchburgh, WY 42792"
CUST00845,"25599 Lewis Vista Apt. 502, South Benjamin, IA 86996"
CUST00846,"270 Mario Run, Newmanstad, PR 83383"
CUST00847,"USNV Dixon, FPO AA 30440"
CUST00848,"9486 Gordon Circle Apt. 525, Port Matthew, VI 50602"
CUST00849,"3477 Brittany Row Suite 959, Houseview, PR 47155"
CUST00850,"1432 Bonilla Crescent Apt. 175, Serranoport, MS 79838"
CUST00851,"662 Davidson Path Apt. 212, Bakermouth, GA 25154"
CUST00852,"PSC 0870, Box 1703, APO AP 60215"
CUST00853,"4834 Cervantes Circles Apt. 952, South Jenniferborough, RI 03856"
CUST00854,"6210 Stevens Flat Apt. 138, Gonzalezhaven, KS 42579"
CUST00855,"544 Leonard Trafficway Suite 456, Gregorystad, OH 07305"
CUST00856,"Unit 8150 Box 3065, DPO AP 92894"
CUST00857,"0800 Gonzalez Rue, Morganborough, NM 63790"
CUST00858,"299 Erin Court, New Tracey, OK 35433"
CUST00859,"USNV Huber, FPO AA 47901"
CUST00860,"179 Michael Center Apt. 280, South Larryville, NH 73641"
CUST00861,"54043 Rangel Road Apt. 266, Lake Tiffanyborough, KS 41023"
CUST00862,"1094 Hoover Bridge, Lake Andreabury, SC 04044"
CUST00863,"643 Mason Passage Suite 019, Cookemouth, RI 13996"
CUST00864,"98197 Phillips Loop, Paulstad, UT 31186"
CUST00865,"Unit 7300 Box 3882, DPO AP 26489"
CUST00866,"7891 Grimes Plaza Suite 803, Benjaminchester, WA 17552"
CUST00867,"227 Sherri Village, Choiborough, NE 56468"
CUST00868,"7697 Burgess Flats Apt. 141, East Terrencetown, SD 55339"
CUST00869,"25551 Austin Circle Apt. 291, Duncanside, ME 95970"
CUST00870,"USCGC Cole, FPO AE 73891"
CUST00871,"25956 Buchanan River Apt. 925, Jacobside, NC 31212"
CUST00872,"6972 Foster Cove Suite 007, Barneschester, WV 21924"
CUST00873,"244 Kimberly Junctions, Meadowsland, AL 21547"
CUST00874,"70087 Schultz Lock Apt. 632, Schultzchester, AZ 63845"
CUST00875,"82879 Smith Pines, Wallacemouth, FL 08592"
CUST00876,"Unit 7379 Box 4867, DPO AP 39036"
CUST00877,"839 Felicia Glen Apt. 241, Kingshire, MP 60001"
CUST00878,"6824 Padilla Ways Apt. 668, East Christinefurt, DE 24749"
CUST00879,"6285 Amanda Drive, Scottfort, PA 86285"
CUST00880,"PSC 2290, Box 1013, APO AE 80394"
CUST00881,"02513 Christian Meadows, Lake Philipport, CT 35356"
CUST00882,"24662 Allen Trace, South Josephfort, MA 54808"
CUST00883,"7862 Lee Squares, Elizabethfurt, SC 03412"
CUST00884,"9745 Ashley Mill Apt. 840, Lake Jonathan, GU 57782"
CUST00885,"8468 Wright Well Suite 087, West Oliviaville, OH 70738"
CUST00886,"80254 Wagner Well, Nicholsonport, MA 87498"
CUST00887,"9197 Angela Cliff Apt. 563, Martinezberg, NY 95724"
CUST00888,"70888 White Light Suite 151, Angelaburgh, IL 11241"
CUST00889,"55670 Collins Brook Suite 519, East Shaneville, WI 50711"
CUST00890,"7889 Calvin Lane, North Michaelland, KS 38627"
CUST00891,"582 Karen Circle, Hallview, AZ 66538"
CUST00892,"8408 Kathleen Flat, Virginiaberg, RI 44652"
CUST00893,"9313 Natasha Fort, Barrettberg, KY 46565"
CUST00894,"54317 Kathy Parkways Apt. 698, Alexanderview, ME 90553"
CUST00895,"2004 Chambers Cove, Barbaraside, PW 75201"
CUST00896,"2787 Robinson Ford, Lewisview, IA 42259"
CUST00897,"861 Robles Summit, North Brianshire, AZ 38404"
CUST00898,"609 Massey Knolls, West Alisha, TX 58093"
CUST00899,"6579 Douglas Isle, Judybury, AR 28581"
CUST00900,"2064 Eric Summit Apt. 266, West Elaineville, TN 49169"
CUST00901,"244 Williams Islands, East Roseland, MO 35827"
CUST00902,"52478 Carter Throughway, Shannonburgh, ND 35674"
CUST00903,"1909 Michael Expressway Suite 237, Lake Nicholas, GA 17102"
CUST00904,"5978 Luke Loop Apt. 835, Port Johnside, FM 75970"
CUST00905,"4216 Andre Village, Hatfieldland, DC 63264"
CUST00906,"519 Christine Views, West Vanessabury, AS 71833"
CUST00907,"107 Richard Divide, Carsonmouth, VI 50331"
CUST00908,"22749 Michael Flat Apt. 022, Codyland, VT 36412"
CUST00909,"2962 Bridges Station Apt. 943, New Rickeystad, VA 87557"
CUST00910,"338 Stephens Orchard Suite 024, Turnerstad, ID 20593"
CUST00911,"9034 Brianna Freeway, Richardport, VI 97811"
CUST00912,"58940 Brandon Corners, Charlesfurt, WV 93630"
CUST00913,"521 Kathleen Course Suite 123, New Amber, AS 43908"
CUST00914,"435 Theresa Springs Apt. 609, North Taylor, DC 72528"
CUST00915,"21899 Michael Orchard, Martinezview, OH 87202"
CUST00916,"USNV Baxter, FPO AA 84964"
CUST00917,"22589 Anderson Ville, Amymouth, NV 40322"
CUST00918,"146 Sheri Mall Suite 493, West Jameschester, NE 38505"
CUST00919,"874 Gray Overpass, New Heather, CT 72293"
CUST00920,"39096 Nicholas Trace, Sherylport, ID 73894"
CUST00921,"5681 Taylor Meadow Apt. 538, Millerport, NJ 17739"
CUST00922,"82967 Elizabeth Hollow Suite 813, West Nicoleview, WA 39428"
CUST00923,"027 Richard Walks, Farrellhaven, NV 89652"
CUST00924,"458 Kathryn Key, Lopezton, AZ 68422"
CUST00925,"0158 Matthew Valleys Apt. 512, Paulborough, OR 12087"
CUST00926,"644 Lambert Shoal, Port Susan, MP 08306"
CUST00927,"9524 Weaver Mews, Wilsontown, TN 50957"
CUST00928,"892 Noble Fork Suite 388, New Travis, SD 06066"
CUST00929,"921 Willis Common Suite 743, Poncehaven, HI 89519"
CUST00930,"9796 Gutierrez Inlet, West Dianeside, CT 73880"
CUST00931,"177 Russell Valley Suite 907, Wellsview, MP 75438"
CUST00932,"37701 Matthew Island Apt. 846, Maryborough, CO 74321"
CUST00933,"82709 Walter Drive, Gloriaton, OR 78213"
CUST00934,"1796 Alicia Port, Lake Dawnmouth, MT 95910"
CUST00935,"101 Robert Vista Apt. 870, Claudialand, NH 55575"
CUST00936,"19622 Garcia Union, South Christy, NE 15228"
CUST00937,"009 Howard Center, New Annaland, MD 86718"
CUST00938,"7125 Ashley Grove Suite 680, South Patricialand, NY 94815"
CUST00939,"78529 Graves Square Suite 287, West Gregberg, WI 00700"
CUST00940,"20567 Benton Avenue Apt. 326, Kevinstad, AR 93549"
CUST00941,"76661 Murphy Prairie, Alexandrafort, ID 33841"
CUST00942,"Unit 9479 Box 0813, DPO AP 20772"
CUST00943,"647 Amy Green, West Ryanview, NE 81664"
CUST00944,"PSC 1530, Box 9082, APO AE 71456"
CUST00945,"PSC 5357, Box 2810, APO AA 41788"
CUST00946,"170 Cross Stream, Valerieborough, TN 01751"
CUST00947,"906 Amber Points, Tylermouth, OK 82701"
CUST00948,"406 Campbell Cliff Apt. 944, Patriciaport, CO 29277"
CUST00949,"9094 Sabrina Radial Apt. 497, Lisaport, VI 29526"
CUST00950,"625 Mccarthy Plaza, Jamesshire, DE 81581"
CUST00951,"77554 Lori Radial, Port Alexanderland, RI 82482"
CUST00952,"7518 Ryan Glens, Marissatown, GA 17627"
CUST00953,"2938 Emily Stravenue, East Mercedes, PA 26631"
CUST00954,"757 Nelson Court Suite 380, Barberfurt, CT 98280"
CUST00955,"80952 Jose Squares Apt. 616, Port Christopherfurt, UT 75206"
CUST00956,"25139 Hays Oval Suite 705, Newmanton, ME 20240"
CUST00957,"35494 Monica Stream, Hollowayville, OK 28214"
CUST00958,"9014 Sarah Stream Apt. 899, North Angela, WA 95958"
CUST00959,"2362 Allen Ports, Heatherborough, PA 61796"
CUST00960,"5020 Jeffrey Route, West Stacey, UT 26463"
CUST00961,"5218 Love Viaduct, Port Josephberg, GA 44120"
CUST00962,"8043 Dawn Shore Apt. 323, North Lucasstad, NE 22157"
CUST00963,"17640 Santana Court Suite 761, Port Roberttown, RI 54025"
CUST00964,"997 Hayes Dale, West Peter, RI 61598"
CUST00965,"1839 Gomez Isle, Williammouth, MT 94050"
CUST00966,"982 Jose Alley Apt. 537, Knappbury, CT 54837"
CUST00967,"46732 Wright Ridge Apt. 393, Sarahfurt, MN 31864"
CUST00968,"Unit 4563 Box 6882, DPO AE 32899"
CUST00969,"282 Cristina Hill, South Marilyn, DE 07590"
CUST00970,"19762 Michelle Islands Suite 228, Wadeland, NM 21985"
CUST00971,"78894 Robert Walk Suite 519, North James, UT 11378"
CUST00972,"23553 Dustin Squares Suite 204, New Catherine, NC 44779"
CUST00973,"3509 Joseph Falls, Wilcoxmouth, MH 85977"
CUST00974,"4038 Nicholas Ville Suite 943, Tonymouth, MI 55447"
CUST00975,"38736 Lewis Locks, Lake Janetfurt, DE 68767"
CUST00976,"Unit 8640 Box 5173, DPO AP 15845"
CUST00977,"783 Fernando Valleys, Ashleytown, AK 40766"
CUST00978,"948 Lyons Camp Apt. 427, Lake Louishaven, GU 03771"
CUST00979,"USS Allen, FPO AE 35753"
CUST00980,"145 Jesse Throughway Suite 983, Port Molly, NM 91726"
CUST00981,"19117 Lauren Manors, Lake Allison, PW 82762"
CUST00982,"3592 Payne Canyon, Lake Victorfort, AL 44828"
CUST00983,"70043 David Vista Apt. 715, New Glennmouth, WV 99187"
CUST00984,"5832 Amy Brooks Apt. 803, Audreyberg, NE 86826"
CUST00985,"41235 John Squares Suite 520, Harperton, AZ 05609"
CUST00986,"741 Carlos Spur Apt. 504, South Mariafurt, MT 48313"
CUST00987,"28910 Timothy Shore Apt. 070, South Jeffreyview, WI 66915"
CUST00988,"Unit 8665 Box 6222, DPO AE 25485"
CUST00989,"83661 Gonzalez Unions Apt. 083, Amandashire, DE 68831"
CUST00990,"95647 Miguel Landing Apt. 371, Lake Thomasmouth, CO 03461"
CUST00991,"428 Keller Motorway Suite 547, Freemanburgh, ID 94731"
CUST00992,"Unit 6317 Box 5201, DPO AE 11547"
CUST00993,"737 Robinson Key Suite 385, Hooverberg, ID 48644"
CUST00994,"11728 Castro Trace Suite 047, Watkinsville, MH 85122"
CUST00995,"23953 Smith Fords, Powelltown, ME 82805"
CUST00996,"281 Carly Wells, Lake Michelle, AK 10050"
CUST00997,"3209 Lawrence Inlet, Williamsmouth, AL 76504"
CUST00998,"0822 Ferguson Passage, Port Michael, PR 87632"
CUST00999,"74680 White Trail, Wrightbury, AR 02520"
